eta_group,reddito
18-30,29516.467576044146
31-50,30055.782154068584
51-70,30230.054463376113
